{"cameraMode":{"drawMode":0,"name":"Shaded","section":"Shading Mode"},"sceneLighting":false,"audioPlay":false,"sceneViewState":{"showFog":false,"showMaterialUpdate":false,"showSkybox":false,"showFlares":false,"showImageEffects":false,"showParticleSystems":false},"in2DMode":false,"pivot":{"x":6.377962112426758,"y":-5.8614397048950199,"z":-6.762199878692627},"rotation":{"x":0.1933174431324005,"y":0.7422630786895752,"z":-0.2413717359304428,"w":0.5944864749908447},"size":24.62152099609375,"orthographic":false}