{"cameraMode":{"drawMode":0,"name":"Shaded","section":"Shading Mode"},"sceneLighting":false,"audioPlay":false,"sceneViewState":{"showFog":false,"showMaterialUpdate":false,"showSkybox":false,"showFlares":false,"showImageEffects":false,"showParticleSystems":false},"in2DMode":false,"pivot":{"x":-103.6090316772461,"y":-34.42953109741211,"z":25.716594696044923},"rotation":{"x":0.13392594456672669,"y":-0.834640622138977,"z":0.2323421984910965,"w":0.4811006784439087},"size":223.99537658691407,"orthographic":false}