{"cameraMode":{"drawMode":0,"name":"Shaded","section":"Shading Mode"},"sceneLighting":false,"audioPlay":false,"sceneViewState":{"showFog":false,"showMaterialUpdate":false,"showSkybox":false,"showFlares":false,"showImageEffects":false,"showParticleSystems":false},"in2DMode":false,"pivot":{"x":0.0,"y":0.2720624804496765,"z":1.4901161193847657e-8},"rotation":{"x":0.26979947090148928,"y":-0.30789241194725039,"z":0.09150960296392441,"w":0.9077644944190979},"size":3.258763313293457,"orthographic":false}