{"cameraMode":{"drawMode":0,"name":"Shaded","section":"Shading Mode"},"sceneLighting":false,"audioPlay":false,"sceneViewState":{"showFog":false,"showMaterialUpdate":false,"showSkybox":false,"showFlares":false,"showImageEffects":false,"showParticleSystems":false},"in2DMode":false,"pivot":{"x":53.856224060058597,"y":8.202441215515137,"z":-3.233042001724243},"rotation":{"x":0.07117302715778351,"y":0.76845782995224,"z":-0.08681786060333252,"w":0.6299771666526794},"size":120.8524398803711,"orthographic":false}