{"cameraMode":{"drawMode":0,"name":"Shaded","section":"Shading Mode"},"sceneLighting":false,"audioPlay":false,"sceneViewState":{"showFog":false,"showMaterialUpdate":false,"showSkybox":false,"showFlares":false,"showImageEffects":false,"showParticleSystems":false},"in2DMode":false,"pivot":{"x":30.7601261138916,"y":0.26588040590286257,"z":15.100038528442383},"rotation":{"x":0.20131739974021913,"y":-0.14195434749126435,"z":0.029500193893909456,"w":0.9687368273735046},"size":5.18752908706665,"orthographic":false}