{"cameraMode":{"drawMode":0,"name":"Shaded","section":"Shading Mode"},"sceneLighting":false,"audioPlay":false,"sceneViewState":{"showFog":false,"showMaterialUpdate":false,"showSkybox":false,"showFlares":false,"showImageEffects":false,"showParticleSystems":false},"in2DMode":false,"pivot":{"x":0.5605771541595459,"y":1.4123504161834717,"z":0.44898006319999697},"rotation":{"x":0.16155360639095307,"y":-0.6418561935424805,"z":0.140838161110878,"w":0.7362649440765381},"size":24.884782791137697,"orthographic":true}