{"cameraMode":{"drawMode":0,"name":"Shaded","section":"Shading Mode"},"sceneLighting":false,"audioPlay":false,"sceneViewState":{"showFog":false,"showMaterialUpdate":false,"showSkybox":false,"showFlares":false,"showImageEffects":false,"showParticleSystems":false},"in2DMode":false,"pivot":{"x":-6.141733646392822,"y":12.033327102661133,"z":85.48689270019531},"rotation":{"x":-0.14955976605415345,"y":0.5325146913528442,"z":-0.09624090045690537,"w":-0.8275275230407715},"size":45.01002502441406,"orthographic":true}