{"cameraMode":{"drawMode":0,"name":"Shaded","section":"Shading Mode"},"sceneLighting":false,"audioPlay":false,"sceneViewState":{"showFog":false,"showMaterialUpdate":false,"showSkybox":false,"showFlares":false,"showImageEffects":false,"showParticleSystems":false},"in2DMode":false,"pivot":{"x":-12.433911323547364,"y":1.9334139823913575,"z":59.903343200683597},"rotation":{"x":0.16062380373477937,"y":-0.338769793510437,"z":0.058814357966184619,"w":0.9251903891563416},"size":7.300153732299805,"orthographic":false}