{"cameraMode":{"drawMode":0,"name":"Shaded","section":"Shading Mode"},"sceneLighting":false,"audioPlay":false,"sceneViewState":{"showFog":false,"showMaterialUpdate":false,"showSkybox":false,"showFlares":false,"showImageEffects":false,"showParticleSystems":false},"in2DMode":false,"pivot":{"x":0.08487991988658905,"y":-0.07992970943450928,"z":-0.07458038628101349},"rotation":{"x":-0.1525041162967682,"y":-0.23849092423915864,"z":0.03795336186885834,"w":-0.9583474397659302},"size":1.171576738357544,"orthographic":false}