{"cameraMode":{"drawMode":0,"name":"Shaded","section":"Shading Mode"},"sceneLighting":false,"audioPlay":false,"sceneViewState":{"showFog":false,"showMaterialUpdate":false,"showSkybox":false,"showFlares":false,"showImageEffects":false,"showParticleSystems":false},"in2DMode":false,"pivot":{"x":0.009992599487304688,"y":0.3402292728424072,"z":0.060176849365234378},"rotation":{"x":0.1050473302602768,"y":0.15213173627853394,"z":-0.016263337805867196,"w":0.982628345489502},"size":20.744443893432618,"orthographic":false}