{"cameraMode":{"drawMode":0,"name":"Shaded","section":"Shading Mode"},"sceneLighting":false,"audioPlay":false,"sceneViewState":{"showFog":false,"showMaterialUpdate":false,"showSkybox":false,"showFlares":false,"showImageEffects":false,"showParticleSystems":false},"in2DMode":false,"pivot":{"x":0.3223516345024109,"y":0.7902987003326416,"z":-0.0025027310475707056},"rotation":{"x":0.1050473302602768,"y":0.15213173627853394,"z":-0.016263337805867196,"w":0.982628345489502},"size":2.477689266204834,"orthographic":false}