{"cameraMode":{"drawMode":0,"name":"Shaded","section":"Shading Mode"},"sceneLighting":false,"audioPlay":false,"sceneViewState":{"showFog":false,"showMaterialUpdate":false,"showSkybox":false,"showFlares":false,"showImageEffects":false,"showParticleSystems":false},"in2DMode":false,"pivot":{"x":-0.053380995988845828,"y":0.43416786193847659,"z":-0.10321749746799469},"rotation":{"x":0.26979947090148928,"y":-0.30789241194725039,"z":0.09150960296392441,"w":0.9077644944190979},"size":3.464061737060547,"orthographic":false}